<beans xmlns="http://www.springframework.org/schema/beans"
	xmlns:context="http://www.springframework.org/schema/context"
	xmlns:mvc="http://www.springframework.org/schema/mvc" 
	xmlns:xsi="http://www.w3.org/2001/XMLSchema-instance"
	xsi:schemaLocation="
        http://www.springframework.org/schema/beans     
        http://www.springframework.org/schema/beans/spring-beans-3.0.xsd
        http://www.springframework.org/schema/context 
        http://www.springframework.org/schema/context/spring-context-3.0.xsd
        http://www.springframework.org/schema/mvc
        http://www.springframework.org/schema/mvc/spring-mvc-3.0.xsd">
        
        <context:component-scan base-package="com.psl">
        </context:component-scan>
        
        <mvc:annotation-driven/>
        
        <bean class="org.springframework.web.servlet.view.InternalResourceViewResolver">    
			<property name="prefix" value="/WEB-INF/view/"></property>    
			<property name="suffix" value=".jsp"></property>    
		</bean> 
		
		  <bean id="dataSource" class="org.springframework.jdbc.datasource.DriverManagerDataSource">
		<property name="driverClassName" value="com.mysql.jdbc.Driver"></property>
		<property name="url" value="jdbc:mysql://localhost:3306/test"></property>
		<property name="username" value="root"></property>
		<property name="password" value="root"></property>
       </bean>
       
</beans>